architecture,method_1,method_2,mean_cka_across_layers,std_cka_across_layers,mean_cca_across_layers,std_cca_across_layers,min_cka,max_cka,min_cca,max_cca
resnet50,full,full,1.0,0.0,0.9991832539566824,0.0016616509400517092,1.0,1.0,0.9954733603960761,1.0
resnet50,full,gradual_unfreeze_every10,0.5853369534015656,0.1558903603696453,0.6264103904351993,0.16298683943613188,0.33822131156921387,0.8492839932441711,0.4526113028957852,0.9217764547541685
resnet50,full,last_layer,0.22108190692961216,0.17443946828691254,0.4632203458139568,0.04809464159018915,0.06104795262217522,0.5745054483413696,0.36858988975769225,0.5160555063430978
resnet50,full,gradual_unfreeze_every10,0.5853369534015656,0.1558903603696453,0.6269288246238343,0.1630090412594589,0.33822131156921387,0.8492839932441711,0.4526543533713512,0.9217747912562432
resnet50,full,last_layer,0.22108190692961216,0.17443946828691254,0.46396265102668327,0.048266961711202476,0.06104795262217522,0.5745054483413696,0.3687892676402025,0.5180886483271152
resnet50,gradual_unfreeze_every10,last_layer,0.3539517931640148,0.2962832578868257,0.6115017296887987,0.11703123713511435,0.0746750459074974,0.9756956100463867,0.48956907206477196,0.7670257676882006
