architecture,strategy_1,strategy_2,mean_cka_across_layers,std_cka_across_layers,mean_cca_across_layers,std_cca_across_layers,min_cka,max_cka,min_cca,max_cca
resnet152,full,gradual,0.7327318216363589,0.3046320357416974,0.7276095491754996,0.10318578672384557,0.11255879700183868,0.9996501803398132,0.6054754989282813,0.8779562535708557
resnet152,full,last_layer,0.6517991359966496,0.3530295174012838,0.6534938668287184,0.17581078926012497,0.004574022255837917,0.9997708201408386,0.42025558571731125,0.8760449659210587
resnet152,full,scratch,0.4426089460030198,0.29561257735533997,0.5009625129801326,0.10076262310989899,0.026917358860373497,0.9985232353210449,0.3907711395540594,0.6795875016355026
resnet152,gradual,last_layer,0.6914263516664505,0.32598717698408364,0.7075624848411058,0.14416205095727408,0.05860394239425659,0.9999537467956543,0.5116432819382885,0.8935863953299809
resnet152,gradual,scratch,0.4603184623022874,0.29115820839756307,0.5057845160147709,0.09508525284183007,0.03612620383501053,0.9988667964935303,0.40208329900545964,0.6771671894108513
resnet152,last_layer,scratch,0.4217920665008326,0.2988407261099152,0.49283556941018697,0.10690524177075975,0.008320995606482029,0.9987147450447083,0.375462624939623,0.6811650462047995
