architecture,strategy_1,strategy_2,mean_cka_across_layers,std_cka_across_layers,mean_cca_across_layers,std_cca_across_layers,min_cka,max_cka,min_cca,max_cca
densenet121,full,gradual,0.7663840105136236,0.26932884533069745,0.7289632970843222,0.09829618331381938,0.23983916640281677,0.9952756762504578,0.5713888038879982,0.8535539818196481
densenet121,full,last_layer,0.7324087309340636,0.32952446898724336,0.7082576329953362,0.14470659082991025,0.11147841066122055,0.9952787756919861,0.45756234080368974,0.8587374531724926
densenet121,full,scratch,0.4742671847343445,0.19410321842308126,0.5172540544191947,0.08770737604222263,0.13701775670051575,0.7371905446052551,0.39860651081392284,0.6797023284975374
densenet121,gradual,last_layer,0.7787853119273981,0.32856274354156806,0.7555805403146648,0.11441245197811746,0.06655868142843246,0.9999967813491821,0.539505316888651,0.8685412338532288
densenet121,gradual,scratch,0.41751434840261936,0.21743986223936906,0.5160019094551648,0.0851052751702288,0.032050903886556625,0.6727637052536011,0.4074157332128568,0.6769976695118963
densenet121,last_layer,scratch,0.4075719391306241,0.2196791076821247,0.5088466751748805,0.09009797110827512,0.04801948368549347,0.6725289225578308,0.4013754562358142,0.676945594415144
