architecture,method_1,method_2,mean_cka_across_layers,std_cka_across_layers,mean_cca_across_layers,std_cca_across_layers,min_cka,max_cka,min_cca,max_cca
densenet121,full,full,1.0000000794728596,1.7770671665666814e-07,0.9998430231110741,0.00033877150585820735,1.0,1.0000004768371582,0.9990855929982442,1.0
densenet121,full,gradual_unfreeze_every10,0.45224125403910875,0.2726531242855196,0.5110853452810463,0.10716058355280329,0.023653728887438774,0.8369210362434387,0.43168780324953493,0.7454359179035218
densenet121,full,last_layer,0.33004390448331833,0.16466078243209836,0.4563282027201015,0.03393338996025356,0.17756745219230652,0.671513557434082,0.4040832953443286,0.5150641847142415
densenet121,full,gradual_unfreeze_every10,0.45224125403910875,0.2726531242855196,0.5111045750197611,0.10712094820480651,0.023653728887438774,0.8369210362434387,0.43182012894997707,0.7454359179035218
densenet121,full,last_layer,0.33004390448331833,0.16466078243209836,0.45629089259780625,0.03398301874679612,0.17756745219230652,0.671513557434082,0.40357611882663413,0.5148281911558297
densenet121,gradual_unfreeze_every10,last_layer,0.6626952538887659,0.3012878276764165,0.7593174361456603,0.16792363718196646,0.15344306826591492,1.0,0.47682003986471755,0.9885684685893885
